{
  "CAGR":0.1198933625,
  "Sharpe":0.8452618419,
  "MaxDD":-0.0602689767,
  "HitRate":0.3636363636,
  "Trades":11.0
}