{
  "CAGR":-0.2997510765,
  "Sharpe":-3.3807735065,
  "MaxDD":-0.0807732281,
  "HitRate":0.1176470588,
  "Trades":17.0
}