{
  "CAGR":-0.2457083797,
  "Sharpe":-3.5866118088,
  "MaxDD":-0.0636646482,
  "HitRate":0.1875,
  "Trades":16.0
}