{
  "CAGR":-0.0476723133,
  "Sharpe":-0.4741612235,
  "MaxDD":-0.0275199191,
  "HitRate":0.2727272727,
  "Trades":11.0
}