{"value": 2.358919846576368, "adx_min": 15.859186953359591, "rsi2_max": 7.651372307303301, "rsi14_exit": 63.208320402708935, "sl_atr": 1.678554247838409, "tp_atr": 1.3699144194324409, "use_second_hour": false, "CAGR": 0.14262182120994993, "Sharpe": 2.358919846576368, "MaxDD": -0.012142393288781084, "Trades": 15, "oos_walkforward": "12,3", "purge_bars": 5}